{"@module": "rxn_ca.core.recipe", "@class": "ReactionRecipe", "@version": null, "heating_schedule": {"@module": "rxn_ca.core.heating", "@class": "HeatingSchedule", "@version": null, "steps": [{"duration": 30000, "temperature": 600}, {"duration": 30000, "temperature": 700}, {"duration": 30000, "temperature": 800}, {"duration": 30000, "temperature": 900}, {"duration": 30000, "temperature": 1000}, {"duration": 30000, "temperature": 1100}, {"duration": 60000, "temperature": 1100}]}, "reactant_amounts": {"Ca(HO)2": 1, "PH9(NO2)2": 4, "NiO": 1}, "particle_size": 0.5, "chem_sys": "Ca-H-N-Ni-O-P", "simulation_size": 15, "num_realizations": 3, "exclude_phases": [], "exclude_theoretical": true, "score_type": "TAMMAN_HUTTIG_SOFTPLUS_GIBBS_ERF"}